domain,fake,real,total,fake_ratio,pagerank,in_degree,out_degree,majority_label,pr_percentile
theonion.com,5085,11,5096,0.9978414442700158,0.0,0.0,0.0,fake,0.8810572687224669
archive.is,4186,13,4199,0.9969040247678018,0.0,0.0,0.0,fake,3.9647577092511015
gfycat.com,1471,11,1482,0.9925775978407556,0.0,0.0,0.0,fake,4.405286343612334
waterfordwhispersnews.com,446,10,456,0.9780701754385964,0.0,0.0,0.0,fake,4.845814977973569
streamable.com,447,16,463,0.9654427645788336,0.0,0.0,0.0,fake,0.0
v.redd.it,2036,92,2128,0.956766917293233,0.0,0.0,0.0,fake,0.44052863436123346
web.archive.org,3217,194,3411,0.943125183230724,0.0004013646951523636,2.0,0.0,fake,73.12775330396475
youtu.be,1151,128,1279,0.8999218139171228,0.00046615653333207735,4.0,2.0,fake,90.30837004405286
nationalreport.net,112,14,126,0.8888888888888888,0.0,0.0,0.0,fake,1.3215859030837005
thebeaverton.com,81,11,92,0.8804347826086957,0.0,0.0,0.0,fake,1.7621145374449338
babylonbee.com,55,8,63,0.873015873015873,0.00039701563189708204,0.0,3.0,fake,55.50660792951542
starwipe.com,34,6,40,0.85,0.0,0.0,0.0,fake,2.643171806167401
newsthump.com,28,5,33,0.8484848484848485,0.0,0.0,0.0,fake,5.286343612334802
live.staticflickr.com,36,7,43,0.8372093023255814,0.0,0.0,0.0,fake,5.726872246696035
youtube.com,3021,614,3635,0.8310866574965612,0.0054204678925892525,117.0,1.0,fake,100.0
duffelblog.com,29,6,35,0.8285714285714286,0.0,0.0,0.0,fake,6.167400881057269
reddit.com,595,143,738,0.8062330623306233,0.0,0.0,0.0,fake,6.607929515418502
instagram.com,86,23,109,0.7889908256880734,0.0,0.0,0.0,fake,20.26431718061674
ncscooper.com,18,5,23,0.782608695652174,0.0,0.0,0.0,fake,11.45374449339207
i.pinimg.com,67,19,86,0.7790697674418605,0.0,0.0,0.0,fake,9.251101321585903
m.imgur.com,592,181,773,0.7658473479948253,0.0,0.0,0.0,fake,2.202643171806167
cdn.discordapp.com,22,7,29,0.7586206896551724,0.0,0.0,0.0,fake,7.048458149779735
en.m.wikipedia.org,15,5,20,0.75,0.0,0.0,0.0,fake,7.488986784140969
i.sli.mg,67,23,90,0.7444444444444445,0.0,0.0,0.0,fake,7.929515418502203
soundcloud.com,24,9,33,0.7272727272727273,0.00042268210370915977,2.0,0.0,fake,81.49779735682819
upload.wikimedia.org,769,306,1075,0.7153488372093023,0.0,0.0,0.0,fake,8.370044052863436
thehardtimes.net,36,16,52,0.6923076923076923,0.0,0.0,0.0,fake,8.810572687224669
twitter.com,245,115,360,0.6805555555555556,0.00039701563189708204,0.0,1.0,fake,56.82819383259912
imgur.com,27506,13988,41494,0.6628910203884899,0.0,0.0,0.0,fake,9.691629955947137
archive.li,13,7,20,0.65,0.0,0.0,0.0,fake,10.13215859030837
dailycurrant.com,44,24,68,0.6470588235294118,0.0,0.0,0.0,fake,10.572687224669604
lh3.googleusercontent.com,13,8,21,0.6190476190476191,0.0,0.0,0.0,fake,11.013215859030836
webcache.googleusercontent.com,13,8,21,0.6190476190476191,0.00039701563189708204,0.0,1.0,fake,57.268722466960355
redditmetrics.com,14,9,23,0.6086956521739131,0.0,0.0,0.0,fake,11.894273127753303
i.gyazo.com,19,13,32,0.59375,0.0,0.0,0.0,fake,12.334801762114537
vimeo.com,38,27,65,0.5846153846153846,0.0004391935043189958,1.0,0.0,fake,85.46255506607929
40.media.tumblr.com,33,24,57,0.5789473684210527,0.0,0.0,0.0,fake,12.775330396475772
littlethings.com,16,12,28,0.5714285714285714,0.0,0.0,0.0,fake,13.215859030837004
68.media.tumblr.com,17,13,30,0.5666666666666667,0.0,0.0,0.0,fake,13.656387665198238
medium.com,226,174,400,0.565,0.0004435425675742774,3.0,14.0,fake,86.78414096916299
puu.sh,28,23,51,0.5490196078431373,0.0,0.0,0.0,fake,14.09691629955947
yournewswire.com,15,14,29,0.5172413793103449,0.0,0.0,0.0,fake,14.537444933920705
i.ytimg.com,41,40,81,0.5061728395061729,0.0,0.0,0.0,fake,14.977973568281937
i.redditmedia.com,220,229,449,0.4899777282850779,0.0,0.0,0.0,real,15.418502202643172
s-media-cache-ak0.pinimg.com,44,52,96,0.4583333333333333,0.0,0.0,0.0,real,15.859030837004406
i.redd.it,125379,154039,279418,0.4487148286796126,0.0,0.0,0.0,real,16.29955947136564
apod.nasa.gov,11,14,25,0.44,0.0,0.0,0.0,real,16.740088105726873
farm5.staticflickr.com,9,12,21,0.4285714285714285,0.0,0.0,0.0,real,17.180616740088105
i.imgur.com,47254,64011,111265,0.424697793555925,0.0,0.0,0.0,real,17.621145374449338
i.reddituploads.com,3076,4225,7301,0.4213121490206821,0.0,0.0,0.0,real,18.061674008810574
1.bp.blogspot.com,29,40,69,0.4202898550724637,0.0,0.0,0.0,real,18.502202643171806
31.media.tumblr.com,15,21,36,0.4166666666666667,0.0,0.0,0.0,real,18.94273127753304
4.bp.blogspot.com,22,31,53,0.4150943396226415,0.0,0.0,0.0,real,19.383259911894275
41.media.tumblr.com,21,30,51,0.4117647058823529,0.0,0.0,0.0,real,19.823788546255507
newyorker.com,107,154,261,0.4099616858237548,0.0004013646951523636,2.0,0.0,real,72.68722466960352
2.bp.blogspot.com,26,39,65,0.4,0.0,0.0,0.0,real,20.704845814977972
facebook.com,85,130,215,0.3953488372093023,0.0,0.0,0.0,real,21.145374449339208
s3.amazonaws.com,9,17,26,0.3461538461538461,0.0,0.0,0.0,real,21.58590308370044
3.bp.blogspot.com,12,23,35,0.3428571428571428,0.0,0.0,0.0,real,22.026431718061673
unilad.co.uk,9,18,27,0.3333333333333333,0.0,0.0,0.0,real,22.46696035242291
nasa.gov,24,51,75,0.32,0.0,0.0,0.0,real,22.90748898678414
25.media.tumblr.com,16,34,50,0.32,0.0,0.0,0.0,real,23.348017621145374
thegatewaypundit.com,13,28,41,0.3170731707317073,0.00039701563189708204,0.0,26.0,real,58.590308370044056
palmbeachpost.com,17,37,54,0.3148148148148148,0.0,0.0,0.0,real,24.229074889867842
vgy.me,10,23,33,0.303030303030303,0.0,0.0,0.0,real,24.669603524229075
pbs.twimg.com,141,338,479,0.2943632567849686,0.0,0.0,0.0,real,25.110132158590307
farm4.staticflickr.com,19,47,66,0.2878787878787879,0.0,0.0,0.0,real,25.550660792951543
i.minus.com,10,25,35,0.2857142857142857,0.0,0.0,0.0,real,25.991189427312776
i.kinja-img.com,14,37,51,0.2745098039215686,0.0,0.0,0.0,real,26.431718061674008
24.media.tumblr.com,19,54,73,0.2602739726027397,0.0,0.0,0.0,real,26.87224669603524
flickr.com,286,842,1128,0.2535460992907801,0.0005118331734900695,3.0,0.0,real,95.59471365638767
io9.com,6,18,24,0.25,0.0,0.0,0.0,real,27.312775330396477
farm3.staticflickr.com,6,18,24,0.25,0.0,0.0,0.0,real,27.75330396475771
wsws.org,6,18,24,0.25,0.0,0.0,0.0,real,28.19383259911894
en.wikipedia.org,196,638,834,0.2350119904076738,0.0004495036509110191,2.0,637.0,real,88.10572687224669
static.boredpanda.com,7,25,32,0.21875,0.0,0.0,0.0,real,28.634361233480178
nextshark.com,6,22,28,0.2142857142857142,0.0,0.0,0.0,real,30.39647577092511
space.com,14,53,67,0.208955223880597,0.0,0.0,0.0,real,30.837004405286343
ichef.bbci.co.uk,5,19,24,0.2083333333333333,0.0,0.0,0.0,real,31.277533039647576
eonline.com,6,24,30,0.2,0.001587769019912017,25.0,0.0,real,99.55947136563877
foreignpolicy.com,10,41,51,0.196078431372549,0.0,0.0,0.0,real,31.718061674008812
buzzfeed.com,38,157,195,0.1948717948717948,0.0004751127658125762,4.0,7.0,real,93.3920704845815
liveleak.com,12,50,62,0.1935483870967742,0.0,0.0,0.0,real,32.158590308370044
comicbook.com,5,21,26,0.1923076923076923,0.0,0.0,0.0,real,32.59911894273128
ppcdn.500px.org,18,77,95,0.1894736842105263,0.0,0.0,0.0,real,35.242290748898675
worldnewsdailyreport.com,7,30,37,0.1891891891891892,0.0,0.0,0.0,real,35.68281938325991
c1.staticflickr.com,65,287,352,0.1846590909090909,0.0,0.0,0.0,real,36.12334801762115
farm9.staticflickr.com,21,94,115,0.1826086956521739,0.0,0.0,0.0,real,36.563876651982376
cinemablend.com,8,36,44,0.1818181818181818,0.00039761555093708245,1.0,6.0,real,64.31718061674009
sciencealert.com,9,41,50,0.18,0.0,0.0,0.0,real,37.44493392070485
eurekalert.org,6,28,34,0.1764705882352941,0.0,0.0,0.0,real,37.88546255506608
iflscience.com,21,98,119,0.1764705882352941,0.0,0.0,0.0,real,38.32599118942731
amazon.com,10,48,58,0.1724137931034483,0.000598846626735236,9.0,0.0,real,96.91629955947137
m.huffpost.com,6,29,35,0.1714285714285714,0.0,0.0,0.0,real,38.76651982378855
theconversation.com,8,39,47,0.1702127659574468,0.0,0.0,0.0,real,39.20704845814978
mentalfloss.com,8,41,49,0.1632653061224489,0.0,0.0,0.0,real,39.647577092511014
cdn.theatlantic.com,16,91,107,0.1495327102803738,0.0,0.0,0.0,real,40.08810572687225
esquire.com,8,46,54,0.1481481481481481,0.0004771441394189617,4.0,7.0,real,93.83259911894272
popularmechanics.com,5,30,35,0.1428571428571428,0.00041708236442443013,1.0,9.0,real,78.41409691629956
static01.nyt.com,5,30,35,0.1428571428571428,0.0,0.0,0.0,real,40.52863436123348
pcgamer.com,5,30,35,0.1428571428571428,0.0,0.0,0.0,real,40.969162995594715
uk.businessinsider.com,7,45,52,0.1346153846153846,0.0,0.0,0.0,real,41.409691629955944
breitbart.com,21,145,166,0.1265060240963855,0.00039701563189708204,0.0,13.0,real,59.91189427312775
farm8.staticflickr.com,14,97,111,0.1261261261261261,0.0,0.0,0.0,real,42.290748898678416
ijreview.com,6,42,48,0.125,0.0,0.0,0.0,real,42.731277533039645
farm6.staticflickr.com,9,64,73,0.1232876712328767,0.0,0.0,0.0,real,43.17180616740088
boingboing.net,8,58,66,0.1212121212121212,0.0,0.0,0.0,real,43.61233480176212
spiegel.de,6,44,50,0.12,0.0,0.0,0.0,real,44.052863436123346
mtv.com,5,37,42,0.119047619047619,0.00046155063225532673,3.0,6.0,real,89.86784140969164
ign.com,6,45,51,0.1176470588235294,0.00042258938914043414,2.0,18.0,real,81.05726872246696
dailywire.com,5,40,45,0.1111111111111111,0.0,0.0,0.0,real,44.49339207048458
politifact.com,6,49,55,0.109090909090909,0.00039701563189708204,0.0,90.0,real,59.47136563876652
google.com,16,133,149,0.1073825503355704,0.0007239964047677635,8.0,0.0,real,98.6784140969163
weather.com,6,50,56,0.1071428571428571,0.0,0.0,0.0,real,45.37444933920705
zerohedge.com,5,43,48,0.1041666666666666,0.0004056675031631157,1.0,2.0,real,73.568281938326
c2.staticflickr.com,28,243,271,0.1033210332103321,0.0,0.0,0.0,real,46.25550660792952
i.dailymail.co.uk,12,107,119,0.1008403361344537,0.0,0.0,0.0,real,48.01762114537445
bgr.com,7,63,70,0.1,0.0,0.0,0.0,real,48.458149779735685
elitedaily.com,11,101,112,0.0982142857142857,0.00039701563189708204,0.0,10.0,real,57.709251101321584
motherboard.vice.com,7,65,72,0.0972222222222222,0.0,0.0,0.0,real,49.33920704845815
nationalgeographic.com,6,59,65,0.0923076923076923,0.00042067248276271487,1.0,0.0,real,80.61674008810573
gizmodo.com,11,110,121,0.0909090909090909,0.0,0.0,0.0,real,49.779735682819386
sun-sentinel.com,10,114,124,0.0806451612903225,0.00044496521888065386,3.0,0.0,real,87.22466960352423
businessinsider.com,57,651,708,0.0805084745762711,0.0004133216576124561,2.0,37.0,real,76.2114537444934
express.co.uk,7,82,89,0.0786516853932584,0.0004168640424485709,1.0,10.0,real,77.97356828193833
motherjones.com,13,154,167,0.0778443113772455,0.00039701563189708204,0.0,9.0,real,55.06607929515418
vox.com,26,319,345,0.0753623188405797,0.0004163612720134885,2.0,0.0,real,77.5330396475771
theatlantic.com,32,415,447,0.0715883668903803,0.0004183118749297094,2.0,44.0,real,79.73568281938326
sciencedaily.com,5,65,70,0.0714285714285714,0.0,0.0,0.0,real,53.74449339207048
wired.com,12,160,172,0.0697674418604651,0.00039761555093708245,1.0,0.0,real,70.9251101321586
patch.com,8,113,121,0.0661157024793388,0.0,0.0,0.0,real,54.18502202643172
dailydot.com,5,72,77,0.0649350649350649,0.0,0.0,0.0,real,53.30396475770925
farm1.staticflickr.com,9,130,139,0.0647482014388489,0.0,0.0,0.0,real,52.42290748898679
phys.org,11,164,175,0.0628571428571428,0.0,0.0,0.0,real,51.541850220264315
vice.com,9,136,145,0.0620689655172413,0.00039761555093708245,1.0,0.0,real,69.60352422907489
rt.com,14,212,226,0.0619469026548672,0.0,0.0,0.0,real,50.66079295154185
forbes.com,23,363,386,0.0595854922279792,0.00039761555093708245,1.0,6.0,real,68.72246696035242
nbcmiami.com,5,79,84,0.0595238095238095,0.0,0.0,0.0,real,48.89867841409691
hellogiggles.com,5,81,86,0.0581395348837209,0.0,0.0,0.0,real,47.57709251101321
finance.yahoo.com,10,162,172,0.0581395348837209,0.0004428604303919427,2.0,0.0,real,85.90308370044053
wfla.com,7,116,123,0.056910569105691,0.0,0.0,0.0,real,46.69603524229075
washingtonexaminer.com,9,153,162,0.0555555555555555,0.00042976914454706636,2.0,0.0,real,83.25991189427313
abcactionnews.com,5,88,93,0.053763440860215,0.0,0.0,0.0,real,45.81497797356828
smithsonianmag.com,5,89,94,0.0531914893617021,0.0,0.0,0.0,real,44.93392070484582
clickorlando.com,6,107,113,0.0530973451327433,0.0,0.0,0.0,real,41.85022026431718
yahoo.com,47,877,924,0.0508658008658008,0.0004314095287399677,2.0,0.0,real,83.70044052863436
huffingtonpost.com,61,1143,1204,0.0506644518272425,0.00039701563189708204,0.0,9.0,real,60.352422907488986
thinkprogress.org,10,191,201,0.0497512437810945,0.0,0.0,0.0,real,37.00440528634361
guardian.co.uk,8,158,166,0.0481927710843373,0.00039701563189708204,0.0,14.0,real,61.23348017621145
thesun.co.uk,6,119,125,0.048,0.0004661977836527306,4.0,0.0,real,90.7488986784141
news.nationalgeographic.com,8,160,168,0.0476190476190476,0.0,0.0,0.0,real,34.36123348017621
vancouversun.com,5,110,115,0.0434782608695652,0.0,0.0,0.0,real,33.92070484581498
euronews.com,5,110,115,0.0434782608695652,0.0,0.0,0.0,real,33.480176211453745
theintercept.com,6,134,140,0.0428571428571428,0.0,0.0,0.0,real,33.03964757709251
politico.com,28,632,660,0.0424242424242424,0.0004732874839876902,5.0,0.0,real,92.95154185022027
alternet.org,5,113,118,0.0423728813559322,0.0,0.0,0.0,real,29.515418502202643
pbs.org,6,138,144,0.0416666666666666,0.00039761555093708245,1.0,0.0,real,65.19823788546256
ottawacitizen.com,6,140,146,0.0410958904109589,0.0,0.0,0.0,real,29.07488986784141
thedailybeast.com,16,374,390,0.041025641025641,0.00039701563189708204,0.0,13.0,real,59.030837004405285
slate.com,19,448,467,0.0406852248394004,0.0004013646951523636,2.0,0.0,real,72.2466960352423
jpost.com,5,126,131,0.0381679389312977,0.0,0.0,0.0,real,23.788546255506606
tampabay.com,10,275,285,0.0350877192982456,0.00039701563189708204,0.0,18.0,real,58.14977973568282
salon.com,9,249,258,0.0348837209302325,0.00039761555093708245,1.0,0.0,real,66.96035242290749
dw.com,7,203,210,0.0333333333333333,0.00039761555093708245,1.0,0.0,real,67.40088105726872
thehill.com,49,1426,1475,0.0332203389830508,0.0004429246227057815,4.0,0.0,real,86.34361233480176
avclub.com,12,360,372,0.032258064516129,0.00039761555093708245,1.0,0.0,real,67.84140969162996
cnbc.com,30,910,940,0.0319148936170212,0.0005945809716014485,4.0,0.0,real,96.47577092511013
qz.com,11,336,347,0.031700288184438,0.00039761555093708245,1.0,0.0,real,68.28193832599119
nymag.com,10,306,316,0.0316455696202531,0.00042829036724392874,2.0,10.0,real,82.81938325991189
mashable.com,7,229,236,0.0296610169491525,0.0004699573892784733,3.0,16.0,real,92.0704845814978
dailycaller.com,6,197,203,0.0295566502463054,0.0004204266971864457,2.0,0.0,real,80.1762114537445
vanityfair.com,5,167,172,0.0290697674418604,0.0004383722431308798,4.0,18.0,real,85.02202643171806
miamiherald.com,9,304,313,0.0287539936102236,0.00039761555093708245,1.0,0.0,real,63.436123348017624
aol.com,6,205,211,0.0284360189573459,0.00039701563189708204,0.0,28.0,real,61.67400881057269
nytimes.com,70,2402,2472,0.0283171521035598,0.0005718546334037348,11.0,5.0,real,96.0352422907489
mirror.co.uk,8,279,287,0.0278745644599303,0.0004174639614885712,2.0,0.0,real,79.29515418502203
aljazeera.com,7,247,254,0.0275590551181102,0.0004153746551147303,2.0,0.0,real,76.65198237885463
inquisitr.com,7,253,260,0.0269230769230769,0.00039761555093708245,1.0,9.0,real,62.11453744493392
cnet.com,11,406,417,0.026378896882494,0.0,0.0,0.0,real,34.801762114537446
theverge.com,14,541,555,0.0252252252252252,0.00039761555093708245,1.0,14.0,real,62.99559471365639
washingtonpost.com,93,3655,3748,0.0248132337246531,0.0,0.0,0.0,real,50.220264317180614
msn.com,18,725,743,0.0242261103633916,0.000406267422203116,2.0,0.0,real,74.8898678414097
chicagotribune.com,9,365,374,0.0240641711229946,0.0004314571799625666,3.0,26.0,real,84.14096916299559
arstechnica.com,21,893,914,0.0229759299781181,0.0,0.0,0.0,real,51.10132158590309
nypost.com,13,554,567,0.0229276895943562,0.00039701563189708204,0.0,15.0,real,55.947136563876654
theglobeandmail.com,7,304,311,0.022508038585209,0.0,0.0,0.0,real,51.98237885462555
chron.com,5,220,225,0.0222222222222222,0.00039761555093708245,1.0,0.0,real,70.48458149779735
thestar.com,13,612,625,0.0208,0.0,0.0,0.0,real,52.863436123348016
hollywoodreporter.com,9,462,471,0.019108280254777,0.0006923694106236608,14.0,32.0,real,98.23788546255507
ew.com,5,261,266,0.018796992481203,0.0004583216830027369,5.0,5.0,real,89.42731277533039
fortune.com,5,263,268,0.0186567164179104,0.00039761555093708245,1.0,0.0,real,66.07929515418502
rawstory.com,8,451,459,0.0174291938997821,0.0,0.0,0.0,real,47.136563876651984
usatoday.com,33,1912,1945,0.0169665809768637,0.00046829551672454545,6.0,29.0,real,91.18942731277534
npr.org,34,1991,2025,0.0167901234567901,0.0004234684532512972,4.0,6.0,real,81.93832599118943
theguardian.com,108,6376,6484,0.0166563849475632,0.00047717548575675024,6.0,14.0,real,94.27312775330397
newsweek.com,18,1069,1087,0.0165593376264949,0.00039761555093708245,1.0,0.0,real,66.51982378854626
latimes.com,19,1134,1153,0.0164787510841283,0.00045812454633038774,6.0,0.0,real,88.98678414096916
cbc.ca,52,3109,3161,0.0164504903511546,0.0004056929476376229,2.0,0.0,real,74.00881057268722
edition.cnn.com,16,965,981,0.0163098878695209,0.00041572930930752994,2.0,2.0,real,77.09251101321586
bloomberg.com,13,803,816,0.0159313725490196,0.00039761555093708245,1.0,0.0,real,64.75770925110132
independent.co.uk,52,3220,3272,0.0158924205378973,0.00039701563189708204,0.0,19.0,real,60.79295154185022
smh.com.au,7,459,466,0.0150214592274678,0.00039761555093708245,1.0,24.0,real,63.87665198237885
marketwatch.com,5,335,340,0.0147058823529411,0.00039761555093708245,1.0,0.0,real,62.55506607929515
cnn.com,64,4290,4354,0.0146991272393201,0.000468447314209785,4.0,22.0,real,91.62995594713657
mlive.com,6,415,421,0.014251781472684,0.00039761555093708245,1.0,0.0,real,65.63876651982379
telegraph.co.uk,26,1802,1828,0.0142231947483588,0.0004174639614885712,2.0,0.0,real,78.8546255506608
time.com,21,1551,1572,0.0133587786259541,0.0004013646951523636,2.0,17.0,real,71.80616740088105
bbc.com,64,4888,4952,0.0129240710823909,0.0004265618355532545,3.0,11.0,real,82.37885462555066
bbc.co.uk,56,4476,4532,0.0123565754633715,0.00044834001579514414,3.0,0.0,real,87.66519823788546
money.cnn.com,8,653,661,0.0121028744326777,0.000434475030383936,3.0,0.0,real,84.58149779735683
bigstory.ap.org,6,505,511,0.0117416829745596,0.0,0.0,0.0,real,29.955947136563875
reuters.com,39,3330,3369,0.0115761353517364,0.00040966637162905776,2.0,0.0,real,75.77092511013215
oregonlive.com,5,428,433,0.0115473441108545,0.00039761555093708245,1.0,0.0,real,69.16299559471365
foxnews.com,41,3587,3628,0.0113009922822491,0.000603470251875569,4.0,26.0,real,97.79735682819383
ctvnews.ca,7,658,665,0.0105263157894736,0.0,0.0,0.0,real,3.5242290748898677
dailymail.co.uk,17,1746,1763,0.0096426545660805,0.0006001447706612174,10.0,29.0,real,97.3568281938326
nbcnews.com,23,2375,2398,0.0095913261050875,0.0004788568604962933,5.0,21.0,real,94.7136563876652
news.sky.com,6,641,647,0.0092735703245749,0.0,0.0,0.0,real,3.0837004405286343
news.com.au,8,901,909,0.0088008800880088,0.00039761555093708245,1.0,0.0,real,70.04405286343612
cbsnews.com,17,2008,2025,0.008395061728395,0.0004504136495477721,5.0,8.0,real,88.54625550660793
abc.net.au,11,1361,1372,0.0080174927113702,0.000405895183985906,1.0,0.0,real,74.44933920704845
upi.com,6,832,838,0.0071599045346062,0.00039701563189708204,0.0,4.0,real,56.38766519823788
nydailynews.com,8,1218,1226,0.0065252854812398,0.0005034542869515703,7.0,20.0,real,95.15418502202643
abcnews.go.com,17,2603,2620,0.0064885496183206,0.00047136765465249485,6.0,7.0,real,92.51101321585904
apnews.com,7,1141,1148,0.0060975609756097,0.00040966637162905776,2.0,11.0,real,75.33039647577093
globalnews.ca,5,891,896,0.0055803571428571,0.00039701563189708204,0.0,5.0,real,54.62555066079295
news.yahoo.com,7,1404,1411,0.0049610205527994,0.00039761555093708245,1.0,0.0,real,71.36563876651982
people.com,5,1870,1875,0.0026666666666666,0.0008068267199074881,18.0,49.0,real,99.11894273127753
